,Unnamed: 0,id,gender,masterCategory,subCategory,articleType,baseColour,season,year,usage,productDisplayName,image
0,152,18208,Men,Accessories,Headwear,Caps,White,Fall,2011.0,Casual,Manchester United Men Solid White Cap,18208.jpg
1,244,58148,Unisex,Accessories,Headwear,Caps,White,Fall,2012.0,Casual,Puma Unisex White Cap,58148.jpg
2,277,25712,Unisex,Accessories,Headwear,Caps,Blue,Summer,2012.0,Sports,ADIDAS Unisex Blue Cap,25712.jpg
3,475,3739,Men,Accessories,Headwear,Caps,Blue,Fall,2010.0,Sports,ADIDAS Men Delhi Daredevil Blue Cap,3739.jpg
4,505,7736,Men,Accessories,Headwear,Caps,Red,Fall,2011.0,Casual,Puma Men Ferrari Lifestyle Red Cap,7736.jpg
5,540,25715,Unisex,Accessories,Headwear,Caps,Blue,Summer,2012.0,Sports,ADIDAS Unisex Blue Cap,25715.jpg
6,573,16537,Men,Accessories,Headwear,Caps,Blue,Fall,2011.0,Casual,Probase Men Check Blue Cap,16537.jpg
7,667,12735,Unisex,Accessories,Headwear,Caps,Black,Fall,2011.0,Sports,Nike Unisex U Black Caps,12735.jpg
8,794,18206,Men,Accessories,Headwear,Caps,Black,Fall,2011.0,Casual,Manchester United Men Solid Black Cap,18206.jpg
9,862,49239,Men,Accessories,Headwear,Caps,White,Fall,2012.0,Casual,Arrow Men White Cap,49239.jpg
10,1069,29122,Unisex,Accessories,Headwear,Caps,Black,Summer,2012.0,Casual,Puma Unisex Cat Logo Black Cap,29122.jpg
11,1105,19743,Women,Accessories,Headwear,Caps,Blue,Fall,2011.0,Casual,United colors of benetton Women Blue Cap,19743.jpg
12,1224,3737,Unisex,Accessories,Headwear,Caps,Purple,Fall,2010.0,Sports,Lotto Unisex Kochi Tuskers Sovenior Purple Orange Cap,3737.jpg
13,1544,11121,Women,Accessories,Headwear,Caps,Blue,Fall,2011.0,Casual,Puma Women Minicats Knit Blue Cap,11121.jpg
14,2002,13824,Men,Accessories,Headwear,Caps,Maroon,Fall,2011.0,Casual,Proline Men White & Maroon Colourblocked Beanie,13824.jpg
15,2110,19973,Men,Accessories,Headwear,Caps,Grey,Fall,2011.0,Casual,United Colors of Benetton Men Solid Grey Cap,19973.jpg
16,2163,43553,Men,Accessories,Headwear,Caps,Black,Summer,2012.0,Casual,Puma Men Black Complete Running Cap,43553.jpg
17,2235,40746,Women,Accessories,Headwear,Caps,Black,Winter,2012.0,Casual,Roxy Women Black Cap,40746.jpg
18,2806,7739,Unisex,Accessories,Headwear,Caps,Grey,Fall,2011.0,Sports,Puma Unisex Stripe Cat Steel Grey Cap,7739.jpg
19,3017,3736,Unisex,Accessories,Headwear,Caps,Orange,Fall,2010.0,Casual,Lotto Unisex Kochi Tuskers Orange Cap,3736.jpg
20,3056,10604,Unisex,Accessories,Headwear,Caps,Red,Fall,2011.0,Sports,Nike Unisex Tennis Red Caps,10604.jpg
21,3170,18207,Men,Accessories,Headwear,Caps,Red,Fall,2011.0,Casual,Manchester United Men Solid Red Cap,18207.jpg
22,3199,28654,Unisex,Accessories,Headwear,Caps,Grey,Winter,2012.0,Casual,Nike Unisex Grey FCB Cap,28654.jpg
23,3337,10603,Unisex,Accessories,Headwear,Caps,Grey,Fall,2011.0,Sports,Nike Unisex Tennis Grey Caps,10603.jpg
24,3365,49238,Men,Accessories,Headwear,Caps,Black,Fall,2012.0,Casual,Arrow Men Black Cap,49238.jpg
25,3378,20062,Women,Accessories,Headwear,Caps,Purple,Fall,2011.0,Casual,United Colors of Benetton Women Solid Purple Cap,20062.jpg
26,3728,7737,Unisex,Accessories,Headwear,Caps,Black,Fall,2011.0,Sports,Puma Unisex Stripe Cat Black Cap,7737.jpg
27,3794,16536,Women,Accessories,Headwear,Caps,Red,Fall,2011.0,Casual,Probase Women Checked Orange & Red Cap,16536.jpg
28,3814,25714,Unisex,Accessories,Headwear,Caps,Black,Spring,2013.0,Casual,ADIDAS Unisex NBA Black Cap,25714.jpg
29,3852,49236,Men,Accessories,Headwear,Caps,Cream,Fall,2012.0,Casual,Arrow Men Cream Cap,49236.jpg
30,3963,49807,Men,Accessories,Headwear,Caps,Red,Summer,2012.0,Casual,Flying Machine Men Red Cap,49807.jpg
31,3972,25713,Unisex,Accessories,Headwear,Caps,Black,Spring,2013.0,Sports,ADIDAS Unisex Chicago Bulls Black Cap,25713.jpg
32,3984,58149,Women,Accessories,Headwear,Caps,Pink,Summer,2012.0,Casual,Puma Women Pink Sparkle Cat Cap,58149.jpg
33,4087,18209,Men,Accessories,Headwear,Caps,Navy Blue,Fall,2011.0,Casual,Manchester United Men Printed Navy Blue Cap,18209.jpg
34,4556,40111,Unisex,Accessories,Headwear,Caps,Black,Spring,2013.0,Casual,ADIDAS Unisex Black Cap,40111.jpg
35,4586,40747,Women,Accessories,Headwear,Caps,Beige,Winter,2012.0,Casual,Roxy Women Beige Cap,40747.jpg
36,4618,28609,Men,Accessories,Headwear,Caps,Grey,Summer,2012.0,Casual,Nike Men Classic Swoosh Grey Cap,28609.jpg
37,4687,43552,Unisex,Accessories,Headwear,Caps,Blue,Summer,2012.0,Casual,Puma Unisex Blue Complete Running Cap,43552.jpg
38,4894,40771,Men,Accessories,Headwear,Caps,Blue,Summer,2012.0,Casual,Quiksilver Men Blue Firsty Roundtails Cap,40771.jpg
39,5122,9436,Unisex,Accessories,Headwear,Caps,Black,Fall,2011.0,Casual,Nike Unisex Rafa Bull Log Black Caps,9436.jpg
40,5725,49789,Men,Accessories,Headwear,Caps,Red,Summer,2012.0,Casual,Flying Machine Men Red Cap,49789.jpg
41,5993,21439,Women,Accessories,Headwear,Caps,Purple,Summer,2012.0,Casual,Roxy Women Be Happy Purple Cap,21439.jpg
42,6065,43072,Unisex,Accessories,Headwear,Caps,Black,Summer,2012.0,Casual,Nike Unisex Black Cap,43072.jpg
43,6327,38146,Unisex,Accessories,Headwear,Caps,Grey,Summer,2012.0,Casual,Wildcraft Unisex Grey Beanie,38146.jpg
44,6349,29034,Unisex,Accessories,Headwear,Caps,Navy Blue,Summer,2012.0,Casual,ADIDAS Unisex Line Age Navy Blue Cap,29034.jpg
45,6385,49787,Men,Accessories,Headwear,Caps,White,Summer,2012.0,Casual,Flying Machine Men White Cap,49787.jpg
46,6388,17951,Unisex,Accessories,Headwear,Caps,Red,Fall,2011.0,Casual,Nike Unisex Knit Beanie Red Skull Cap,17951.jpg
47,6418,13162,Unisex,Accessories,Headwear,Caps,White,Fall,2011.0,Casual,Puma Unisex Unisex Cat Logo White Caps,13162.jpg
48,6589,40063,Unisex,Accessories,Headwear,Caps,Blue,Summer,2012.0,Casual,ADIDAS Unisex Blue Cap,40063.jpg
49,6604,17956,Women,Accessories,Headwear,Caps,Purple,Fall,2011.0,Sports,Nike Women Stay Cool Purple Cap,17956.jpg
50,6632,29033,Unisex,Accessories,Headwear,Caps,Black,Summer,2012.0,Casual,ADIDAS Unisex Corp Black Cap,29033.jpg
51,6744,17531,Unisex,Accessories,Headwear,Caps,Navy Blue,Fall,2011.0,Sports,ADIDAS Unisex Sports Navy Blue Caps,17531.jpg
52,6842,36646,Unisex,Accessories,Headwear,Caps,Blue,Summer,2012.0,Sports,Puma Deccan Chargers Blue Homs Cap,36646.jpg
53,6856,2364,Unisex,Accessories,Headwear,Caps,Blue,Fall,2010.0,Sports,ADIDAS Blue Cap,2364.jpg
54,7220,19434,Men,Accessories,Headwear,Caps,Blue,Summer,2012.0,Casual,Quiksilver Men Blue Sting Ray Beanie Hat,19434.jpg
55,7489,4450,Unisex,Accessories,Headwear,Caps,Red,Summer,2011.0,Casual,Nike Unisex Arsenal  Red White Cap,4450.jpg
56,7552,19433,Men,Accessories,Headwear,Caps,Black,Summer,2012.0,Casual,Quiksilver Men Black Beanie Cap,19433.jpg
57,7593,36088,Unisex,Accessories,Headwear,Caps,Navy Blue,Summer,2012.0,Casual,OTLS Unisex Navy Cap,36088.jpg
58,7696,10785,Unisex,Accessories,Headwear,Caps,Grey,Fall,2011.0,Sports,Nike Unisex Runng Grey Caps,10785.jpg
59,7740,9977,Unisex,Accessories,Headwear,Caps,Black,Fall,2011.0,Sports,ADIDAS Unisex Bulls Black Red Cap,9977.jpg
60,7747,3471,Men,Accessories,Headwear,Caps,Black,Fall,2010.0,Sports,ADIDAS Men Adipure Black Cap,3471.jpg
61,7787,9379,Unisex,Accessories,Headwear,Caps,Black,Fall,2011.0,Casual,Nike Unisex Manu Core Black Cap,9379.jpg
62,7916,39492,Unisex,Accessories,Headwear,Caps,Beige,Spring,2013.0,Casual,Wildcraft Unisex Beige Cap,39492.jpg
63,8009,1577,Unisex,Accessories,Headwear,Caps,Green,Fall,2010.0,Sports,Inesis  Slim Shady Cap,1577.jpg
64,8081,36086,Unisex,Accessories,Headwear,Caps,Beige,Summer,2012.0,Casual,OTLS Unisex Beige Polo Cap,36086.jpg
65,8193,3449,Unisex,Accessories,Headwear,Caps,Black,Summer,2011.0,Sports,ADIDAS Kids Unisex Pune Warriors Black Cap,3449.jpg
66,8230,39495,Unisex,Accessories,Headwear,Caps,Beige,Summer,2012.0,Casual,Wildcraft Unisex Beige Hat,39495.jpg
67,8426,17957,Men,Accessories,Headwear,Caps,Navy Blue,Summer,2012.0,Sports,Nike Men Cricket Navy Blue Cap,17957.jpg
68,8451,29032,Unisex,Accessories,Headwear,Caps,Blue,Summer,2012.0,Casual,ADIDAS Unisex Corp Blue Cap,29032.jpg
69,8501,7617,Men,Accessories,Headwear,Caps,Green,Summer,2011.0,Casual,Wrangler Men Green Canvas Cap,7617.jpg
70,8509,19208,Men,Accessories,Headwear,Caps,Grey,Summer,2011.0,Casual,United Colors of Benetton Men Check Grey Cap,19208.jpg
71,8591,17530,Unisex,Accessories,Headwear,Caps,White,Fall,2011.0,Sports,ADIDAS Unisex Sports White Caps,17530.jpg
72,8710,17950,Unisex,Accessories,Headwear,Caps,Black,Fall,2011.0,Sports,Nike Unisex Swoosh Black Bandana,17950.jpg
73,8863,40062,Unisex,Accessories,Headwear,Caps,Orange,Summer,2012.0,Casual,ADIDAS Unisex Orange Cap,40062.jpg
74,8970,2362,Unisex,Accessories,Headwear,Caps,Black,Summer,2011.0,Sports,ADIDAS Black Cap,2362.jpg
75,9015,21438,Women,Accessories,Headwear,Caps,Blue,Winter,2012.0,Casual,Roxy Women Mellow Beanie Blue Cap,21438.jpg
76,9114,11259,Men,Accessories,Headwear,Caps,Black,Fall,2011.0,Casual,ADIDAS Men Nba Celtics Black Caps,11259.jpg
77,9132,7619,Men,Accessories,Headwear,Caps,Blue,Summer,2011.0,Casual,Wrangler Men Light Blue Canvas Cap,7619.jpg
78,9140,19206,Men,Accessories,Headwear,Caps,Black,Summer,2011.0,Casual,United Colors of Benetton Men Black Cap,19206.jpg
79,9250,43073,Men,Accessories,Headwear,Caps,Blue,Summer,2012.0,Casual,Nike Men Blue Odi Game Day Cap,43073.jpg
80,9554,41511,Men,Accessories,Headwear,Caps,Blue,Summer,2012.0,Casual,Basics Men Blue Beret Cap,41511.jpg
81,9633,49788,Men,Accessories,Headwear,Caps,Navy Blue,Summer,2012.0,Casual,Flying Machine Men Navy Blue Cap,49788.jpg
82,9869,36087,Unisex,Accessories,Headwear,Caps,Pink,Summer,2012.0,Casual,OTLS Unisex Pink Cap,36087.jpg
83,10056,9378,Unisex,Accessories,Headwear,Caps,Black,Fall,2011.0,Casual,Nike Unisex Cbf Core Black Caps,9378.jpg
84,10249,10784,Unisex,Accessories,Headwear,Caps,Black,Fall,2011.0,Sports,Nike Unisex Runng Black Caps,10784.jpg
85,10274,39493,Unisex,Accessories,Headwear,Caps,Black,Summer,2012.0,Casual,Wildcraft Unisex Beige Cap,39493.jpg
86,10288,38125,Unisex,Accessories,Headwear,Caps,Olive,Summer,2012.0,Casual,Wildcraft Unisex Olive Green Cap,38125.jpg
87,10453,4451,Unisex,Accessories,Headwear,Caps,Red,Summer,2011.0,Casual,Nike Unisex Manchester United Red Black Cap,4451.jpg
88,10605,36089,Unisex,Accessories,Headwear,Caps,Brown,Summer,2012.0,Casual,OTLS Unisex Brown Cap,36089.jpg
89,10958,19435,Men,Accessories,Headwear,Caps,Blue,Summer,2012.0,Casual,Quiksilver Men Stripes Blue Caps,19435.jpg
90,11062,9978,Unisex,Accessories,Headwear,Caps,Black,Fall,2011.0,Sports,ADIDAS Unisex Lakers Black Purple Cap,9978.jpg
91,11345,19884,Women,Accessories,Headwear,Caps,White,Fall,2011.0,Casual,ADIDAS Originals Women Brillo White Cap,19884.jpg
92,11476,2589,Women,Accessories,Headwear,Caps,Maroon,Summer,2011.0,Casual,Quechua Women Maroon Cap,2589.jpg
93,11605,15024,Men,Accessories,Headwear,Caps,Blue,Fall,2011.0,Sports,ADIDAS Men Solid Blue Caps,15024.jpg
94,11663,19883,Men,Accessories,Headwear,Caps,Black,Fall,2011.0,Casual,ADIDAS Originals Men St Truck Black Cap,19883.jpg
95,12216,38564,Unisex,Accessories,Headwear,Caps,Black,Winter,2015.0,Casual,Nike Unisex Black Cap,38564.jpg
96,12283,25022,Unisex,Accessories,Headwear,Caps,Grey,Summer,2012.0,Sports,Nike Unisex Grey Tennis Cap,25022.jpg
97,12491,41533,Men,Accessories,Headwear,Caps,Red,Summer,2012.0,Casual,Basics Men Red Cap,41533.jpg
98,13028,13721,Men,Accessories,Headwear,Caps,Blue,Fall,2011.0,Casual,Proline Men Blue Patterned Beanie,13721.jpg
99,13099,49792,Men,Accessories,Headwear,Caps,Green,Winter,2015.0,Casual,Flying Machine Men Green Cap,49792.jpg
100,13218,34797,Men,Accessories,Headwear,Caps,Grey,Summer,2012.0,Casual,Flying Machine Men Grey Hat,34797.jpg
101,13236,38966,Unisex,Accessories,Headwear,Caps,Beige,Summer,2015.0,Casual,Wildcraft Unisex Beige Safari Cap,38966.jpg
102,13345,33774,Unisex,Accessories,Headwear,Caps,Black,Summer,2011.0,Casual,Puma Unisex Black Cap,33774.jpg
103,13369,22606,Unisex,Accessories,Headwear,Caps,White,Fall,2011.0,Sports,Nike Unisex Active White Cap,22606.jpg
104,13573,44621,Unisex,Accessories,Headwear,Caps,Green,Summer,2012.0,Casual,Nike Unisex Green Daybreak Cap,44621.jpg
105,13612,30592,Unisex,Accessories,Headwear,Caps,Olive,Summer,2012.0,Sports,Nike Unisex Federer Olive Cap,30592.jpg
106,13675,18902,Unisex,Accessories,Headwear,Caps,Black,Fall,2011.0,Casual,ADIDAS Originals Unisex Black Cap,18902.jpg
107,13892,38565,Men,Accessories,Headwear,Caps,White,Summer,2012.0,Casual,Nike Men White Bull Logo Cap,38565.jpg
108,14166,18995,Unisex,Accessories,Headwear,Caps,Navy Blue,Fall,2011.0,Casual,ADIDAS Originals Unisex Woolie Navy Blue Cap,18995.jpg
109,14850,15025,Men,Accessories,Headwear,Caps,White,Fall,2011.0,Sports,ADIDAS Men Solid White Caps,15025.jpg
110,15105,19885,Unisex,Accessories,Headwear,Caps,Black,Fall,2011.0,Casual,ADIDAS Originals Unisex Black Cap,19885.jpg
111,15350,3436,Unisex,Accessories,Headwear,Caps,Red,Summer,2011.0,Sports,Reebok Royal Challengers Bangalore Fangear Red Cap,3436.jpg
112,15466,30593,Unisex,Accessories,Headwear,Caps,White,Summer,2012.0,Sports,Nike Unisex Tennis White Cap,30593.jpg
113,15632,30594,Unisex,Accessories,Headwear,Caps,Green,Summer,2012.0,Sports,Nike Unisex Rafa Bull Logo Green Cap,30594.jpg
114,15703,33775,Women,Accessories,Headwear,Caps,Pink,Summer,2011.0,Casual,Puma Women Conrad Reversible Pink Beanie Cap,33775.jpg
115,15734,34796,Men,Accessories,Headwear,Caps,Black,Summer,2012.0,Casual,Flying Machine Men Black Hat,34796.jpg
116,15766,29029,Unisex,Accessories,Headwear,Caps,Navy Blue,Fall,2014.0,Casual,ADIDAS Unisex Corps Navy Blue Cap,29029.jpg
117,15806,18904,Unisex,Accessories,Headwear,Caps,Navy Blue,Fall,2011.0,Casual,ADIDAS Originals Unisex Adicolor Navy Blue Cap,18904.jpg
118,16053,41535,Men,Accessories,Headwear,Caps,Navy Blue,Summer,2012.0,Casual,Basics Men Navy Blue Baseball Cap,41535.jpg
119,16283,49793,Men,Accessories,Headwear,Caps,Yellow,Summer,2012.0,Casual,Flying Machine Men Yellow Cap,49793.jpg
120,16534,22636,Unisex,Accessories,Headwear,Caps,Blue,Fall,2011.0,Casual,Nike Unisex Blue & Brown Striped Cap,22636.jpg
121,16557,49794,Men,Accessories,Headwear,Caps,Black,Summer,2012.0,Casual,Flying Machine Men Black Cap,49794.jpg
122,16975,3740,Men,Accessories,Headwear,Caps,Black,Fall,2010.0,Sports,ADIDAS Men Pune Warriors Match Black Cap,3740.jpg
123,17222,24216,Unisex,Accessories,Headwear,Caps,Red,Summer,2012.0,Sports,Nike Unisex Arsenal Red Football Cap,24216.jpg
124,17418,48537,Men,Accessories,Headwear,Caps,Red,Summer,2012.0,Casual,Wrangler Men Red Check Cap,48537.jpg
125,17489,49247,Men,Accessories,Headwear,Caps,Brown,Fall,2012.0,Casual,Arrow Men Brown Cap,49247.jpg
126,17499,24220,Unisex,Accessories,Headwear,Caps,Blue,Summer,2012.0,Sports,Nike Unisex Blue Tennis Cap,24220.jpg
127,17501,40765,Men,Accessories,Headwear,Caps,Black,Summer,2012.0,Casual,Quiksilver Men Black Cap,40765.jpg
128,17725,49240,Men,Accessories,Headwear,Caps,Blue,Fall,2012.0,Casual,Arrow Men Blue Cap,49240.jpg
129,17777,19968,Men,Accessories,Headwear,Caps,Black,Fall,2011.0,Casual,United Colors of Benetton Men Solid Black Cap,19968.jpg
130,17942,39108,Girls,Accessories,Headwear,Caps,Blue,Summer,2012.0,Sports,ADIDAS Mumbai Indians Girls Blue Match Cap,39108.jpg
131,18281,58154,Men,Accessories,Headwear,Caps,Blue,Summer,2012.0,Casual,Puma Men Blue Cap,58154.jpg
132,18357,18214,Men,Accessories,Headwear,Caps,Navy Blue,Fall,2011.0,Casual,Manchester United Men Solid Navy Blue Cap,18214.jpg
133,18657,18213,Men,Accessories,Headwear,Caps,Black,Fall,2011.0,Casual,Manchester United Men Solid Black Cap,18213.jpg
134,18732,58153,Men,Accessories,Headwear,Caps,Black,Summer,2012.0,Casual,Puma Men Black Cap,58153.jpg
135,18745,25709,Unisex,Accessories,Headwear,Caps,Red,Summer,2012.0,Sports,ADIDAS Unisex Red Cap,25709.jpg
136,19021,29106,Unisex,Accessories,Headwear,Caps,Black,Summer,2012.0,Casual,Puma Unisex Graphic Black Cap,29106.jpg
137,19119,20047,Women,Accessories,Headwear,Caps,Blue,Fall,2011.0,Casual,United Colors of Benetton Women Solid Blue Cap,20047.jpg
138,19543,49241,Men,Accessories,Headwear,Caps,Purple,Fall,2012.0,Casual,Arrow Men Purple Cap,49241.jpg
139,19568,19969,Men,Accessories,Headwear,Caps,Blue,Fall,2011.0,Casual,United Colors of Benetton Men Solid Blue Cap,19969.jpg
140,19835,49246,Men,Accessories,Headwear,Caps,Red,Fall,2012.0,Casual,Arrow Men Red Cap,49246.jpg
141,19902,48536,Men,Accessories,Headwear,Caps,Grey,Summer,2012.0,Casual,Wrangler Men Grey Check Cap,48536.jpg
142,20000,19951,Unisex,Accessories,Headwear,Caps,Navy Blue,Fall,2011.0,Casual,Puma Unisex Cat Logo Navy Blue Cap,19951.jpg
143,20075,10014,Unisex,Accessories,Headwear,Caps,Blue,Fall,2011.0,Sports,Nike Unisex Feather lite Blue Caps,10014.jpg
144,20159,39107,Boys,Accessories,Headwear,Caps,Blue,Summer,2012.0,Sports,ADIDAS Mumbai Indians Boys Blue Match Cap,39107.jpg
145,20737,49248,Men,Accessories,Headwear,Caps,Black,Fall,2012.0,Casual,Arrow Men Black Cap,49248.jpg
146,21501,29107,Unisex,Accessories,Headwear,Caps,Grey,Summer,2012.0,Casual,Puma Unisex Heather Grey Cap,29107.jpg
147,21638,3340,Men,Accessories,Headwear,Caps,Blue,Fall,2010.0,Sports,ADIDAS Men Mumbai Indians Match Blue Cap,3340.jpg
148,21766,25708,Unisex,Accessories,Headwear,Caps,Black,Summer,2014.0,Sports,ADIDAS Unisex Black Cap,25708.jpg
149,21791,20048,Women,Accessories,Headwear,Caps,Green,Fall,2011.0,Casual,United Colors of Benetton Women Solid Green Cap,20048.jpg
150,21793,58152,Unisex,Accessories,Headwear,Caps,Navy Blue,Fall,2012.0,Casual,Puma Unisex Navy Blue Foundation Cap,58152.jpg
151,21863,18212,Men,Accessories,Headwear,Caps,White,Fall,2011.0,Casual,Manchester United Men Solid White Cap,18212.jpg
152,22266,13818,Men,Accessories,Headwear,Caps,Navy Blue,Fall,2011.0,Casual,Proline Men Navy & Grey Colourblocked Beanie,13818.jpg
153,22374,40773,Men,Accessories,Headwear,Caps,Blue,Summer,2012.0,Casual,Quiksilver Men Blue Firtsy Roundtails Cap,40773.jpg
154,22556,9434,Unisex,Accessories,Headwear,Caps,White,Fall,2011.0,Casual,Nike Unisex Rafa Bull Log White Caps,9434.jpg
155,22916,15540,Unisex,Accessories,Headwear,Caps,Navy Blue,Summer,2011.0,Sports,Fila Unisex Solid Navy Blue Caps,15540.jpg
156,23398,40113,Unisex,Accessories,Headwear,Caps,Navy Blue,Spring,2013.0,Casual,ADIDAS Unisex Navy Blue Cap,40113.jpg
157,23440,40745,Women,Accessories,Headwear,Caps,White,Winter,2012.0,Casual,Roxy Women White Cap,40745.jpg
158,23448,3335,Unisex,Accessories,Headwear,Caps,Blue,Summer,2011.0,Sports,ADIDAS Kids-Unisex Mumbai Indians Team Blue Cap,3335.jpg
159,23624,49233,Men,Accessories,Headwear,Caps,Blue,Fall,2012.0,Casual,Arrow Men Blue Cap,49233.jpg
160,23795,20056,Women,Accessories,Headwear,Caps,Grey,Fall,2011.0,Casual,United Colors of Benetton Women Grey Cap,20056.jpg
161,23811,49802,Men,Accessories,Headwear,Caps,Black,Winter,2015.0,Casual,Flying Machine Men Black Cap,49802.jpg
162,24003,38401,Unisex,Accessories,Headwear,Caps,Teal,Summer,2012.0,Sports,ADIDAS Pune Warriors Unisex Teal Match Cap,38401.jpg
163,24047,49234,Men,Accessories,Headwear,Caps,Yellow,Fall,2012.0,Casual,Arrow Men Yellow Cap,49234.jpg
164,24196,25711,Unisex,Accessories,Headwear,Caps,Pink,Summer,2012.0,Sports,ADIDAS Unisex Pink Cap,25711.jpg
165,24257,7732,Unisex,Accessories,Headwear,Caps,Black,Fall,2011.0,Sports,Puma Unisex Ducati Black Cap,7732.jpg
166,24646,58521,Men,Accessories,Headwear,Caps,Black,Fall,2012.0,Casual,Wildcraft Men Black Balaclava Cap,58521.jpg
167,24808,20060,Women,Accessories,Headwear,Caps,Black,Fall,2011.0,Casual,United Colors of Benetton Women Black Cap,20060.jpg
168,25013,40112,Unisex,Accessories,Headwear,Caps,Black,Summer,2012.0,Casual,ADIDAS Unisex Black Cap,40112.jpg
169,25051,40744,Women,Accessories,Headwear,Caps,Blue,Winter,2012.0,Casual,Roxy Women Blue Cap,40744.jpg
170,25128,19971,Men,Accessories,Headwear,Caps,Purple,Fall,2011.0,Casual,United Colors of Benetton Men Solid Purple Cap,19971.jpg
171,25444,1656,Unisex,Accessories,Headwear,Caps,Blue,Summer,2012.0,Sports,Nike Unisex Odi Day Cap,1656.jpg
172,25458,40743,Women,Accessories,Headwear,Caps,Pink,Winter,2012.0,Casual,Roxy Women Pink Cap,40743.jpg
173,25887,13821,Men,Accessories,Headwear,Caps,Purple,Fall,2011.0,Casual,Proline Men Purple & Grey Striped Beanie,13821.jpg
174,26038,40772,Men,Accessories,Headwear,Caps,Red,Summer,2012.0,Casual,Quiksilver Men Red Firtsy Roundtails Cap,40772.jpg
175,26281,9435,Unisex,Accessories,Headwear,Caps,Black,Fall,2011.0,Casual,Nike Unisex FCB CORE Black Caps,9435.jpg
176,26479,41855,Men,Accessories,Headwear,Caps,Blue,Summer,2012.0,Casual,Probase Men Blue Cap,41855.jpg
177,26667,20061,Women,Accessories,Headwear,Caps,Grey,Fall,2011.0,Casual,United Colors of Benetton Women Solid Grey Cap,20061.jpg
178,26729,19741,Women,Accessories,Headwear,Caps,Black,Fall,2011.0,Casual,United Colors Of Benetton Women Black Cap,19741.jpg
179,27127,49235,Men,Accessories,Headwear,Caps,Navy Blue,Fall,2012.0,Casual,Arrow Men Navy Blue Cap,49235.jpg
180,27244,49804,Men,Accessories,Headwear,Caps,Khaki,Summer,2012.0,Casual,Flying Machine Men Khaki Cap,49804.jpg
181,27258,25710,Unisex,Accessories,Headwear,Caps,Blue,Summer,2012.0,Sports,ADIDAS Unisex Blue Cap,25710.jpg
182,27698,7734,Unisex,Accessories,Headwear,Caps,Black,Fall,2011.0,Sports,Puma Unisex Ferrari Lifestyle Black Cap,7734.jpg
183,27733,20057,Women,Accessories,Headwear,Caps,Purple,Fall,2011.0,Casual,United Colors of Benetton Women Printed Purple Cap,20057.jpg
184,27755,16535,Women,Accessories,Headwear,Caps,Grey,Fall,2011.0,Casual,Probase Women Check Grey Cap,16535.jpg
185,27936,4453,Unisex,Accessories,Headwear,Caps,White,Summer,2011.0,Casual,Nike Unisex Rodger Federer White Grey Red Cap,4453.jpg
186,28506,36085,Unisex,Accessories,Headwear,Caps,Black,Summer,2012.0,Casual,OTLS Unisex Black Polo Cap,36085.jpg
187,28617,12680,Unisex,Accessories,Headwear,Caps,Navy Blue,Summer,2011.0,Casual,Probase Unisex Solid Navy Blue Caps,12680.jpg
188,28624,54095,Men,Accessories,Headwear,Caps,White,Fall,2012.0,Casual,Fila Men White Madson Cap,54095.jpg
189,28716,4039,Unisex,Accessories,Headwear,Caps,Blue,Summer,2011.0,Sports,Puma Unisex Rajasthan Royals Military Blue Cap,4039.jpg
190,28875,19439,Men,Accessories,Headwear,Caps,Black,Summer,2012.0,Casual,Quiksilver Men Black Qsacc Cap,19439.jpg
191,28881,10786,Unisex,Accessories,Headwear,Caps,Black,Fall,2011.0,Sports,Nike Unisex Runng Black Caps,10786.jpg
192,28913,30147,Men,Accessories,Headwear,Caps,Grey,Summer,2012.0,Casual,Wrangler Men Grey Cap,30147.jpg
193,28942,36082,Unisex,Accessories,Headwear,Caps,Red,Summer,2012.0,Casual,OTLS Unisex Red Cap,36082.jpg
194,29099,38127,Unisex,Accessories,Headwear,Caps,Black,Summer,2015.0,Casual,Wildcraft Unisex Black Beanie,38127.jpg
195,29276,43071,Unisex,Accessories,Headwear,Caps,Blue,Summer,2012.0,Casual,Nike Unisex Blue FFF Cap,43071.jpg
196,29872,17955,Women,Accessories,Headwear,Caps,Blue,Fall,2011.0,Sports,Nike Women Stay Cool Blue Cap,17955.jpg
197,29905,29030,Unisex,Accessories,Headwear,Caps,White,Fall,2013.0,Casual,ADIDAS Unisex Corp White Cap,29030.jpg
198,29952,2358,Men,Accessories,Headwear,Caps,Red,Winter,2010.0,Sports,ADIDAS Red Men Cap,2358.jpg
199,30024,17532,Unisex,Accessories,Headwear,Caps,Black,Fall,2011.0,Sports,ADIDAS Unisex Sports Black Caps,17532.jpg
200,30214,44853,Unisex,Accessories,Headwear,Caps,Red,Summer,2010.0,Casual,Puma Unisex  Ferrari Lifestyle Cap,44853.jpg
201,30323,17952,Unisex,Accessories,Headwear,Caps,Blue,Fall,2011.0,Casual,Nike Unisex Knit Beanie Blue Skull Cap,17952.jpg
202,30354,13161,Unisex,Accessories,Headwear,Caps,Black,Fall,2011.0,Casual,Puma Unisex Unisex Cat Logo Black Caps,13161.jpg
203,30411,2360,Unisex,Accessories,Headwear,Caps,White,Summer,2011.0,Sports,ADIDAS White Cap,2360.jpg
204,30567,36083,Unisex,Accessories,Headwear,Caps,Black,Summer,2012.0,Casual,OTLS Unisex Black Polo Cap,36083.jpg
205,30576,32423,Unisex,Accessories,Headwear,Caps,Black,Summer,2012.0,Casual,ADIDAS Unisex Black Cap,32423.jpg
206,30823,38126,Unisex,Accessories,Headwear,Caps,Green,Summer,2012.0,Casual,Wildcraft Unisex Multicoloured Printed Cap,38126.jpg
207,30989,1581,Unisex,Accessories,Headwear,Caps,Pink,Summer,2011.0,Sports,Nabaiji Unisex Silicone Swimming Cap,1581.jpg
208,31000,12681,Men,Accessories,Headwear,Caps,Blue,Summer,2011.0,Casual,Probase Men Check Blue Cap,12681.jpg
209,31103,36084,Unisex,Accessories,Headwear,Caps,White,Summer,2012.0,Casual,OTLS Unisex White Cap,36084.jpg
210,31467,19436,Men,Accessories,Headwear,Caps,Olive,Summer,2012.0,Casual,Quiksilver Men Burgundy & Olive Beanies Cap,19436.jpg
211,31596,30148,Men,Accessories,Headwear,Caps,Navy Blue,Summer,2012.0,Casual,Wrangler Men Fast Biker Navy Blue Cap,30148.jpg
212,31697,4452,Unisex,Accessories,Headwear,Caps,Grey,Summer,2011.0,Casual,Nike Unisex Rodger Federer Blue Grey White Cap,4452.jpg
213,31998,17953,Unisex,Accessories,Headwear,Caps,Grey,Fall,2011.0,Casual,Nike Unisex Knit Beanie Grey Skull Cap,17953.jpg
214,32272,2361,Men,Accessories,Headwear,Caps,Black,Summer,2011.0,Sports,ADIDAS Black Men Cap,2361.jpg
215,32330,2359,Men,Accessories,Headwear,Caps,Navy Blue,Winter,2010.0,Sports,ADIDAS Navy Blue Men Cap,2359.jpg
216,32359,17954,Unisex,Accessories,Headwear,Caps,Blue,Fall,2011.0,Casual,Nike Unisex Cuffed Beanie Blue Skull Cap,17954.jpg
217,32380,29031,Men,Accessories,Headwear,Caps,Red,Fall,2014.0,Casual,ADIDAS Men Red Corp Training Cap,29031.jpg
218,33120,3615,Unisex,Accessories,Headwear,Caps,Blue,Summer,2011.0,Sports,Puma Rajasthan Royals Blue Fanwear Cap,3615.jpg
219,33255,43070,Unisex,Accessories,Headwear,Caps,Red,Summer,2012.0,Casual,Nike Unisex Red Portugal Football Cap,43070.jpg
220,33448,22633,Unisex,Accessories,Headwear,Caps,Purple,Fall,2011.0,Sports,Nike Unisex Striped Purple Cap,22633.jpg
221,33496,13722,Men,Accessories,Headwear,Caps,Navy Blue,Fall,2011.0,Casual,Proline Men Navy & White Patterned Beanie,13722.jpg
222,33575,49791,Men,Accessories,Headwear,Caps,Yellow,Winter,2015.0,Casual,Flying Machine Men Yellow Cap,49791.jpg
223,33619,41508,Men,Accessories,Headwear,Caps,Red,Summer,2012.0,Casual,Basics Men Red Baseball Cap,41508.jpg
224,33645,38396,Unisex,Accessories,Headwear,Caps,Blue,Summer,2012.0,Sports,ADIDAS Mumbai Indians Unisex Blue Match Cap,38396.jpg
225,33715,13725,Men,Accessories,Headwear,Caps,Maroon,Fall,2011.0,Casual,Proline Men Maroon & Black Patterned Beanie,13725.jpg
226,33776,22634,Unisex,Accessories,Headwear,Caps,Black,Fall,2011.0,Sports,Nike Unisex Striped Black Cap,22634.jpg
227,34040,44622,Unisex,Accessories,Headwear,Caps,Blue,Summer,2012.0,Casual,Nike Unisex Blue Daybreak Cap,44622.jpg
228,34137,30591,Unisex,Accessories,Headwear,Caps,Blue,Summer,2012.0,Sports,Nike Unisex Federer Blue Cap,30591.jpg
229,34142,18901,Unisex,Accessories,Headwear,Caps,Green,Fall,2011.0,Casual,ADIDAS Originals Unisex Adicolor Green Cap,18901.jpg
230,34150,17949,Unisex,Accessories,Headwear,Caps,White,Fall,2011.0,Sports,Nike Unisex Swoosh White Bandana,17949.jpg
231,34164,1535,Unisex,Accessories,Headwear,Caps,Black,Fall,2010.0,Sports,Puma Unisex Logo Cap,1535.jpg
232,34214,34793,Men,Accessories,Headwear,Caps,Black,Summer,2012.0,Casual,Flying Machine Men Black Hat,34793.jpg
233,34291,19440,Men,Accessories,Headwear,Caps,Red,Summer,2012.0,Casual,Quiksilver Men Red Qsacc Cap,19440.jpg
234,34364,12438,Unisex,Accessories,Headwear,Caps,Black,Fall,2011.0,Casual,Timberland Unisex Casual Black Caps,12438.jpg
235,34371,34794,Men,Accessories,Headwear,Caps,Black,Summer,2012.0,Casual,Flying Machine Men Black Hat,34794.jpg
236,34453,49798,Men,Accessories,Headwear,Caps,Green,Summer,2012.0,Casual,Flying Machine Men Green Cap,49798.jpg
237,34531,22605,Unisex,Accessories,Headwear,Caps,Blue,Fall,2011.0,Sports,Nike Unisex India Stadium Blue Cap,22605.jpg
238,34645,17529,Unisex,Accessories,Headwear,Caps,Black,Fall,2011.0,Sports,ADIDAS Unisex Sports Black Caps,17529.jpg
239,34957,1566,Men,Accessories,Headwear,Caps,Black,Summer,2011.0,Sports,Artengo Men Black Cap,1566.jpg
240,35113,10599,Unisex,Accessories,Headwear,Caps,White,Fall,2011.0,Sports,Nike Unisex Tennis White Caps,10599.jpg
241,35381,32430,Unisex,Accessories,Headwear,Caps,Navy Blue,Summer,2012.0,Casual,ADIDAS Unisex Polyester Navy Blue Cap,32430.jpg
242,35590,18997,Unisex,Accessories,Headwear,Caps,Black,Summer,2011.0,Casual,ADIDAS Originals Unisex Woolie Stripes Black Cap,18997.jpg
243,35681,40026,Unisex,Accessories,Headwear,Caps,White,Summer,2012.0,Casual,ADIDAS Unisex White Cap,40026.jpg
244,35820,38560,Men,Accessories,Headwear,Caps,Black,Summer,2016.0,Casual,Nike Men Black Cap,38560.jpg
245,36164,44624,Unisex,Accessories,Headwear,Caps,Orange,Summer,2012.0,Casual,Nike Unisex Orange Daybreak Visor Cap,44624.jpg
246,36247,34795,Men,Accessories,Headwear,Caps,Black,Summer,2012.0,Casual,Flying Machine Men Black Hat,34795.jpg
247,36268,49799,Men,Accessories,Headwear,Caps,Black,Summer,2012.0,Casual,Flying Machine Men Black Cap,49799.jpg
248,36583,44623,Unisex,Accessories,Headwear,Caps,Orange,Summer,2012.0,Casual,Nike Unisex Orange Daybreak Cap,44623.jpg
249,36590,38399,Unisex,Accessories,Headwear,Caps,Navy Blue,Summer,2012.0,Sports,ADIDAS Delhi Daredevils Unisex Navy Blue Match Cap,38399.jpg
250,36650,44849,Unisex,Accessories,Headwear,Caps,Black,Summer,2012.0,Casual,Puma Unisex Black Ducati Logo Cap,44849.jpg
251,36899,13724,Men,Accessories,Headwear,Caps,Black,Fall,2011.0,Casual,Proline Men Black Patterned Beanie,13724.jpg
252,36967,22635,Unisex,Accessories,Headwear,Caps,Black,Fall,2011.0,Casual,Nike Unisex Striped Black Cap,22635.jpg
253,37267,12437,Unisex,Accessories,Headwear,Caps,Green,Fall,2011.0,Casual,Timberland Unisex Casual Green Caps,12437.jpg
254,37484,49790,Men,Accessories,Headwear,Caps,Black,Summer,2012.0,Casual,Flying Machine Men Black Cap,49790.jpg
255,37603,38561,Men,Accessories,Headwear,Caps,White,Spring,2013.0,Casual,Nike Men White Cap,38561.jpg
256,37803,3450,Unisex,Accessories,Headwear,Caps,Blue,Summer,2011.0,Sports,ADIDAS Kid's Delhi Daredevils Match Blue Cap,3450.jpg
257,37808,2582,Unisex,Accessories,Headwear,Caps,Red,Summer,2011.0,Casual,Kalenji Children's Red Cap,2582.jpg
258,38025,2585,Unisex,Accessories,Headwear,Caps,Black,Summer,2011.0,Casual,Kalenji Black Cap,2585.jpg
259,38032,40027,Unisex,Accessories,Headwear,Caps,Black,Summer,2010.0,Casual,ADIDAS Unisex Black Cap,40027.jpg
260,38096,18996,Unisex,Accessories,Headwear,Caps,Red,Summer,2011.0,Casual,ADIDAS Originals Unisex Red Cap,18996.jpg
261,38229,4449,Unisex,Accessories,Headwear,Caps,Navy Blue,Summer,2011.0,Casual,Nike Unisex Dry Fit Navy Blue Cap,4449.jpg
262,38359,19886,Unisex,Accessories,Headwear,Caps,Red,Fall,2011.0,Casual,ADIDAS Originals Unisex Dicolor Red Cap,19886.jpg
263,39177,18210,Men,Accessories,Headwear,Caps,Black,Fall,2011.0,Casual,Manchester United Men Printed Black Cap,18210.jpg
264,39255,58150,Women,Accessories,Headwear,Caps,Black,Summer,2012.0,Casual,Puma Women Black Sparkle Cat Cap,58150.jpg
265,40039,30641,Unisex,Accessories,Headwear,Caps,Red,Summer,2012.0,Sports,Nike Unisex Red Cap,30641.jpg
266,40202,15539,Unisex,Accessories,Headwear,Caps,Red,Summer,2011.0,Sports,Fila Unisex Printed Red Caps,15539.jpg
267,40767,40768,Men,Accessories,Headwear,Caps,White,Summer,2012.0,Casual,Quiksilver Men White Firsty Fishtails Cap,40768.jpg
268,40784,41027,Men,Accessories,Headwear,Caps,Brown,Summer,2012.0,Casual,Lee Men Brown Cap,41027.jpg
269,41032,28610,Men,Accessories,Headwear,Caps,Red,Summer,2012.0,Casual,Nike Men Red Cap,28610.jpg
270,41434,49244,Men,Accessories,Headwear,Caps,Black,Fall,2012.0,Casual,Arrow Men Black Cap,49244.jpg
271,41483,40766,Men,Accessories,Headwear,Caps,Navy Blue,Fall,2012.0,Casual,Quiksilver Men Navy Blue Flex Pintails Cap,40766.jpg
272,41830,30640,Unisex,Accessories,Headwear,Caps,Black,Summer,2012.0,Sports,Nike Unisex Black Cap,30640.jpg
273,42964,58151,Men,Accessories,Headwear,Caps,Black,Summer,2012.0,Casual,Puma Men Black Cap,58151.jpg
274,43029,18211,Men,Accessories,Headwear,Caps,Red,Fall,2011.0,Casual,Manchester United Men Printed Red Cap,18211.jpg
275,43103,41028,Men,Accessories,Headwear,Caps,Olive,Summer,2012.0,Casual,Lee Men Olive Cap,41028.jpg
276,43113,49245,Men,Accessories,Headwear,Caps,White,Fall,2012.0,Casual,Arrow Men White Cap,49245.jpg
277,43175,48535,Men,Accessories,Headwear,Caps,Blue,Summer,2012.0,Casual,Wrangler Men Blue Denim Cap,48535.jpg
278,43192,2467,Men,Accessories,Headwear,Caps,White,Summer,2012.0,Casual,Nike Men White Cap,2467.jpg
279,43307,40767,Men,Accessories,Headwear,Caps,Grey,Summer,2012.0,Casual,Quiksilver Men Grey Firsty Fishtails Cap,40767.jpg
280,43484,49242,Men,Accessories,Headwear,Caps,Purple,Fall,2012.0,Casual,Arrow Men Purple Cap,49242.jpg
281,43795,40769,Men,Accessories,Headwear,Caps,White,Summer,2012.0,Casual,Quiksilver Men White Firsty Pintails Cap,40769.jpg
282,44022,41026,Men,Accessories,Headwear,Caps,Navy Blue,Summer,2012.0,Casual,Lee Men Navy Blue Cap,41026.jpg
